{"loss": 0.034238528460264206, "_timestamp": 1681227912.8811793, "_runtime": 16.32261037826538, "_step": 104}